barcode_id,barcode,id
1,AACGCCAA,USL-L-20-01
2,CCAGAACCAA,SIN-L-20-05
3,CGGTCCAA,VIC-L-20-01
4,AGGTACCAA,VIC-L-20-09
5,AGGTAACCAA,VIC-L-20-17
6,CTCAGCAA,VIC-L-20-25
7,GAAGGTAA,VIC-L-20-33
8,TTACCTCAA,VIC-L-20-41
9,CTTGCAGCAA,VIC-L-20-49
10,ACGAGTCAA,VIC-L-20-57
11,AGAACCGCAA,SUV-L-20-03
12,GTCGACCA,SUV-L-20-11
13,TGAAGCCAA,USL-L-20-02
14,AGACGCAA,BCR-L-20-01
15,AACCGCCAA,VIC-L-20-02
16,TCGCGACCAA,VIC-L-20-10
17,TCTGGCAA,VIC-L-20-18
18,GTTGGCCAA,VIC-L-20-26
19,GCAGTTCAA,VIC-L-20-34
20,AGCCTGGCAA,VIC-L-20-42
21,AATTACCA,VIC-L-20-50
22,GGTAATGCAA,VIC-L-20-58
23,ATAATCCA,SUV-L-20-04
24,TGAGAAGAA,BHP-L-20-01
25,ATCGGACCAA,USL-L-20-03
26,TAGATCAA,BCR-L-20-02
27,CTGATCCAA,VIC-L-20-03
28,CATTGACCAA,VIC-L-20-11
29,GTTCTCAA,VIC-L-20-19
30,TCTCTCCAA,VIC-L-20-27
31,GGTCCATCAA,VIC-L-20-35
32,CGCCTCCA,VIC-L-20-43
33,AGGCCAGAA,VIC-L-20-51
34,TCCATATCAA,VIC-L-20-59
35,CGAACGCA,SUV-L-20-05
36,CATGCAGAA,BHP-L-20-02
37,CTGATACCAA,USL-L-20-04
38,AATAAGCAA,BCR-L-20-03
39,ACCAAGCCAA,VIC-L-20-04
40,CAGCAGAA,VIC-L-20-12
41,CGCCAGCAA,VIC-L-20-20
42,CGTCAGCCAA,VIC-L-20-28
43,TTACGCTCAA,VIC-L-20-36
44,ACGCCGCA,VIC-L-20-44
45,GCATCAGAA,VIC-L-20-52
46,GATGCGCA,VIC-L-20-60
47,ATAAGAGAA,SUV-L-20-06
48,GACGCAAGAA,BHP-L-20-03
49,TGAGAGAA,SIN-L-20-01
50,TCGGAGCAA,BCR-L-20-04
51,TAGGAGCCAA,VIC-L-20-05
52,GTCTCGAA,VIC-L-20-13
53,GTATAGCAA,VIC-L-20-21
54,GTATAGCCAA,VIC-L-20-29
55,GTACGGCA,VIC-L-20-37
56,CGCTGAGAA,VIC-L-20-45
57,CCGTCAAGAA,VIC-L-20-53
58,CTTCATCA,VIC-L-20-61
59,TCCATAGAA,SUV-L-20-07
60,TCAAGAAGAA,BHP-L-20-04
61,GGTAGGAA,SIN-L-20-02
62,CCAACGCAA,BCR-L-20-05
63,GATACGCCAA,VIC-L-20-06
64,CCATGGAA,VIC-L-20-14
65,GAGCCGCAA,VIC-L-20-22
66,TCTTATCCAA,VIC-L-20-30
67,GCATATCA,VIC-L-20-38
68,TAGAACGAA,VIC-L-20-46
69,CTCCGAAGAA,VIC-L-20-54
70,TCCGCTCA,VIC-L-20-62
71,ACTGACGAA,SUV-L-20-08
72,GGTTGAAGAA,GVI-L-20-01
73,GGCCATAA,SIN-L-20-03
74,ATCGCGCAA,BCR-L-20-06
75,TTAACTCCAA,VIC-L-20-07
76,ATGGATAA,VIC-L-20-15
77,TACTTGCAA,VIC-L-20-23
78,GCCGCTCCAA,VIC-L-20-31
79,AGCAGTCA,VIC-L-20-39
80,GGCGCCGAA,VIC-L-20-47
81,TTGGTAAGAA,VIC-L-20-55
82,GAGCTTCA,SUV-L-20-01
83,CCGCGCGAA,SUV-L-20-09
84,TGGACCAGAA,VE-L-20-01
85,CATACTAA,SIN-L-20-04
86,CCTTATCAA,BCR-L-20-07
87,TGCGAAGCAA,VIC-L-20-08
88,TTACCTAA,VIC-L-20-16
89,GGTACTCAA,VIC-L-20-24
90,TAACCAGCAA,VIC-L-20-32
91,GCGCAAGA,VIC-L-20-40
92,TTATTCGAA,VIC-L-20-48
93,TCCTCTTGAA,VIC-L-20-56
94,GGAATGGAA,SUV-L-20-02
95,TCTCGCATAA,SUV-L-20-10
96,AGCTAAGA,FEN-L-20-01
97,ATTCTGGAA,HT-L-20-01
98,AAGTTGCTAA,VUH-L-20-04
99,AATCCAGA,BTB-L-20-04
100,AGCAATGAA,BTB-L-20-12
101,ATAGTCGTAA,VIC-20-10-07
102,CCTAGAGA,VIC-20-03-11
103,ACCTCGTCCA,Battle-20-12-05
104,CCAGTCTA,MR-20-07-07
105,TAACGGTAA,YG-20-19-04
106,CGAGGAAGCA,MR-20-07-06
107,ATATAGTA,VIC-20-04-11a
108,AATCCTTAA,Battle-20-12-06
109,CTGGATGAA,HT-L-20-02
110,TGCAACTTAA,VUH-L-20-05
111,GGAATAGA,BTB-L-20-05
112,CAACTTGAA,BTB-L-20-13
113,AAGCCAACCA,YG-20-27-04
114,TTCGTAGA,VIC-20-04-07
115,AAGAGGTA,MR-20-14-22
116,AGGCGCAGCA,VIC-20-20-05
117,TTCAATTA,MR-20-10-01
118,CATCTCAGCA,VIC-20-06-02
119,CCGCGTTA,VIC-20-03-03
120,GGTTAACCA,BTS-20-02-09
121,CTTCAATAA,HT-L-20-03
122,CTTGCCGA,SIN-L-20-06
123,AAGGAATAA,BTB-L-20-06
124,CGCTCAACCA,BTB-L-20-14
125,GACCGCGA,Battle-20-10-08
126,TTCTCATAA,VIC-20-03-09
127,AATTGGAGCA,MR-20-14-19
128,CCTCCAAC,Battle-20-12-05b
129,GTCAGACCA,VIC-20-12-01
130,CAGGAACGCA,VIC-20-20-07
131,TTGCGAAC,Battle-20-10-02
132,AGACGACCA,BTS-20-02-08
133,ATAAGAACCA,MTU-L-20-01
134,ACGTTCGA,SIN-L-20-07
135,GATAGATAA,BTB-L-20-07
136,CCTCGAACCA,BTB-L-20-15
137,TATAAGGA,YG-20-18-02
138,CCAGGATAA,VIC-20-04-05
139,AACTCTCGCA,BTS-20-01-01
140,CCTATACCA,BTS-20-02-07
141,AATGCAGGCA,VIC-20-18-01
142,ACCTGAAC,VIC-20-20-08
143,CTTGAGCCA,MR-20-07-12
144,TTGGACGGCA,Battle-20-12-04
145,GTCCTAACCA,MTU-L-20-02
146,CTGATGGA,SIN-L-20-08
147,GCGCTATAA,BTB-L-20-08
148,CTGCAGACCA,BTB-L-20-16
149,TGGACTGA,MR-20-14-20
150,AGATTATAA,VIC-20-03-10
151,AATATAAC,MR-20-14-24
152,ACTCCGCCA,VIC-20-10-02
153,TTAATTGGCA,VIC-20-04-11b
154,GCGGTAAC,Battle-20-17-02
155,GGAGCGCCA,VIC-20-20-03
156,CATAATTGCA,BTS-20-02-11
157,CTTATTACCA,VUH-L-20-01
158,ACTGAATA,BTB-L-20-01
159,GTAACCTAA,BTB-L-20-09
160,ACCGTTACCA,BTB-L-20-17
161,TAGTAATA,MR-20-14-23
162,CAGTCCTAA,VIC-20-04-04
163,CTTAAGAC,MR-20-14-13
164,CGGAGGCCA,VIC-20-04-06
165,AGAACTTGCA,VIC-20-20-11
166,GACGAGAC,VIC-20-06-03
167,ATAATGCCA,VIC-20-10-01a
168,CAATTAATCA,MR-20-12-09
169,CAGAGAGCCA,VUH-L-20-02
170,GTAGCATA,BTB-L-20-02
171,ACCTAGTAA,BTB-L-20-10
172,CATTACGCCA,VIC-L-20-20-12
173,ATCCGATA,Battle-20-14-02
174,TGGACGTAA,VIC-20-04-03
175,AGGACGAC,MR-20-12-12
176,GCGTTGCCA,YG-20-14-01
177,TTATGCATCA,YG-20-17-01
178,TATTGGAC,Battle-20-10-01
179,TAGACTCCA,VIC-20-20-06
180,TATTCTATCA,VIC-20-10-04
181,CTATCGGCCA,VUH-L-20-03
182,GCCTTATA,BTB-L-20-03
183,GCTGCGTAA,BTB-L-20-11
184,TGAGCTGCCA,VIC-L-20-06-05
185,TGCTGCTA,MR-20-14-14
186,CTCAGGTAA,VIC-20-04-10
187,CGCTTGAC,VIC-20-10-08
188,GATCGTCCA,BNP-20-09-01
189,GCTTGCCTCA,Battle-20-10-03
190,TAGGCTAC,VIC-20-14-09
191,CTCCTTCCA,BTS-20-02-10
192,AGCATGCTCA,VIC-20-10-16
193,GTCATTAC,YG-20-08-01
194,ACTAATCTCA,VIC-20-03-08
195,CAACTTAC,VIC-20-20-09
196,AACTCAGCA,Battle-20-14-04
197,ATTCGCGTCA,MR-20-12-08
198,GATCAACC,VIC-20-09-30
199,GAGACCGC,MR-20-15-10
200,GCCGGCTCA,VIC-20-09-10a
201,CTCTGATCGA,VIC-20-09-17
202,GTTCCGGC,VIC-20-20-17
203,CTATGCTCA,BST-21-01-05
204,ATTGGAAGGA,BST-21-01-17
205,GAAGGAGCA,Battle-20-11-02
206,TCCAAGGTCA,VIC-20-03-06
207,GCAAGACC,MR-20-15-06
208,ATGGTAGCA,Battle-20-14-03
209,CATATGGTCA,MR-20-07-23
210,AGCCAGCC,VIC-20-09-25
211,AACTCGGC,VIC-20-09-27
212,GAGATCTCA,VIC-20-09-04
213,CAGGTTAGGA,VIC-20-09-19
214,CTAACTGC,VIC-20-20-15
215,GGCAAGTCA,BST-21-01-06
216,ATGCTTGC,BST-21-01-18
217,CGTAACGCA,Battle-20-19-01
218,GGCGTATTCA,VIC-20-03-07
219,CCAGAGCC,Battle-20-14-06
220,GTCTACGCA,VIC-20-14-06
221,CGAACCAAGA,VIC-20-09-37
222,TTATCGCC,MR-20-07-10
223,CCGAATTCA,MR-20-07-19
224,ATATGCTGGA,VIC-20-09-16
225,CGGCAATC,VIC-20-09-10b
226,GAATATTCA,VIC-20-20-16
227,GGAATCTGGA,BST-21-01-07
228,CTCTCATC,BST-21-01-19
229,ACGACCGCA,YG-20-19-01
230,TCGATGCC,VIC-20-04-02
231,AGCCTCGCA,Battle-20-14-05
232,ACGTCCAAGA,VIC-20-14-08
233,CAGTATCC,VIC-20-09-34
234,CCAGTCGCA,VIC-20-09-31
235,AGTCATTGGA,VIC-20-09-26
236,GGTTGATC,VIC-20-09-05
237,TAGCATATGA,VIC-20-09-07
238,CATGACTC,YG-20-27-08
239,GGCTCAAGA,BST-21-01-08
240,TTATATCTGA,BST-21-01-20
241,ACTACTCC,VIC-20-06-04
242,TGGCAGGCA,VIC-20-02-13
243,ATACTCAAGA,Battle-20-14-09
244,GGACCTCC,VIC-20-14-07
245,GATACGGCA,VIC-20-09-36
246,CAGAAGAAGA,MR-20-15-39
247,ACGGCCTC,VIC-20-09-24
248,CCAGTTCTGA,VIC-20-09-21
249,ATTAGCTC,VIC-20-09-13
250,AATCGAAGA,BST-21-01-01
251,CGGTCCTTGA,BST-21-01-10
252,TGACTCTC,BST-21-01-22
253,CTCGGTCC,VIC-20-10-03
254,TCCGCTGCA,Battle-20-05-02
255,AGGATTAAGA,Battle-20-14-07
256,GGCGCAGC,MR-20-08-13
257,CGGTCTGCA,VIC-20-20-19
258,AGATAAGAGA,VIC-20-20-18
259,CTCATAAGA,MR-20-07-22
260,ACGCCGTTGA,VIC-20-09-20
261,GCGAATTC,VIC-20-09-11
262,GAGGTAAGA,BST-21-01-02
263,TGCGGCAATA,BST-21-01-11
264,GATTCAAG,BST-21-01-24
265,CCATTAGC,VIC-20-20-04
266,CGCGCATCA,YG-20-01-02
267,TATACGGAGA,VIC-20-14-03
268,CGCAACGC,VIC-20-09-35
269,TTGCGATCA,MR-20-15-20
270,CGCGAATAGA,VIC-20-09-32
271,CGAACCAGA,VIC-20-09-23
272,GCCGACGATA,VIC-20-09-14
273,CTAATAAG,VIC-20-09-15
274,GTCCGCAGA,BST-21-01-03
275,TATAACTATA,BST-21-01-13
276,ACGAGCAG,BST-21-01-25
277,ATAGACGC,VIC-20-20-13
278,ACTTGATCA,VIC-20-20-02
279,TTCAGCTAGA,VIC-20-14-05
280,GCTTACGC,VIC-20-09-38
281,AGAGACTCA,VIC-20-09-28
282,TCAACGACGA,VIC-20-09-29
283,CCTGGCAGA,VIC-20-09-18
284,CCGCCTACTA,VIC-20-09-12
285,GGCGGCAG,VIC-20-09-22
286,AACTTCAGA,BST-21-01-04
287,TGAGTACCTA,BST-21-01-15
288,TCTACGAG,BST-21-01-26
289,ACGAAGAGA,BST-21-01-27
290,CTAAGGCCTA,BST-21-01-36
291,GGTCAGAGA,BST-21-01-50
292,CCTATAGCTA,BST-21-01-62
293,AACCGGAG,BST-21-01-61
294,CAATGGAGA,BST-21-07-03
295,CCTCGGCTTA,BST-21-10-27
296,AGAACCGG,BST-21-01-72
297,CAGAGAGGA,BST-21-03-24
298,TCATTGCTTA,BST-21-03-31a
299,AATGGCGG,BST-21-10-33
300,CGTCTAGGA,BST-21-03-39
301,CAAGGATCTA,BST-21-01-28
302,CGATATAG,BST-21-01-39
303,TAAGATAGA,BST-21-01-46
304,CGCCTATCTA,BST-21-01-70
305,ACTCTTAG,BST-21-03-13
306,ACTTCTAGA,BST-21-03-02
307,GGACCTCTTA,BST-21-03-21
308,GTATTCGG,BST-21-10-15
309,TACGGCGGA,BST-21-01-74
310,ACGTCTCTTA,BST-21-03-27
311,CAGCCTGG,BST-21-03-33
312,AGATGCGGA,BST-21-03-30
313,TCCTACTCTA,BST-21-01-29
314,CGGAGACG,BST-21-01-41
315,AGACTTAGA,BST-21-01-43
316,TTGGTCTCTA,BST-21-01-64
317,GTCTGACG,BST-21-10-26
318,AGGATACGA,BST-21-03-17
319,GGAGAAGTTA,BST-21-10-11
320,ATCGCTGG,BST-21-03-20
321,GCTATCGGA,BST-21-01-84
322,CTAACCGTTA,BST-21-03-28
323,TGAGTTGG,BST-21-07-06
324,TTCTTCGTTA,BST-21-03-26
325,AGACCGTCTA,BST-21-01-30
326,ACCATACG,BST-21-01-44
327,TAACTACGA,BST-21-11-01
328,AGCGATAGTA,BST-21-10-31
329,GAAGTACG,BST-21-10-04
330,TATTACCGA,BST-21-10-22
331,TAACCATG,BST-21-01-68
332,AGCCAATGA,BST-21-10-28
333,ACTACGGTTA,BST-21-01-124
334,ACCTACTG,BST-21-03-37
335,TCATAATGA,BST-21-01-77
336,GAACTGGTTA,BST-21-03-49
337,CTACTTAGTA,BST-21-01-31
338,GGTAACCG,BST-21-01-45
339,CGCGTCCGA,BST-21-04-01
340,TAAGCCGGTA,BST-21-10-12
341,CTGGTCCG,BST-21-10-05
342,GACGAGCGA,BST-21-10-19
343,TTCAACTGA,BST-21-10-25
344,TTCAACCAAC,BST-21-03-06
345,GTTACTTG,BST-21-01-121
346,ATGACTTGA,BST-21-03-38
347,AAGGACCAAC,BST-21-01-82
348,AGCGTAAT,BST-21-07-10
349,GTCGCTGGTA,BST-21-01-32
350,ATGAAGCG,BST-21-01-47
351,CGTTCGCGA,BST-21-10-01
352,TGGTCTGGTA,BST-21-01-66
353,AGTTCGCG,BST-21-10-08
354,TCTAGGCGA,BST-21-10-33b
355,CGGCGTTGA,BST-21-03-14
356,GGAGGCCAAC,BST-21-01-63
357,CAGTTAAT,BST-21-10-65
358,GAACCAATA,BST-21-03-25
359,GTCTCGCAAC,BST-21-01-85
360,ACTTCCAT,BST-21-01-88a
361,CGCATTGGTA,BST-21-01-34
362,CATATGCG,BST-21-01-48
363,ATGCGGCGA,BST-21-01-51
364,TCCGCGATTA,BST-21-10-03
365,GTTGAAGG,BST-21-07-04
366,ATCTATCGA,BST-21-10-20
367,AGCAGAATA,BST-21-01-65
368,CTACGGCAAC,BST-21-01-80
369,GCGCGGAT,BST-21-10-57
370,TGGCTAATA,BST-21-07-05
371,CGTCGTAT,BST-21-01-79
372,CCATTAATA,BST-21-01-88b
373,TGCCGACTTA,BST-21-01-35
374,TCCTCAGG,BST-21-01-49
375,CTAAGTCGA,BST-21-01-53
376,GTTGCGCTTA,BST-21-10-24
377,CGTCTAGG,BST-21-03-19
378,GTTGAAGGA,BST-21-10-30
379,AGCCAAGAAC,BST-21-03-16
380,ACGTAACT,BST-21-01-76
381,TTGACCATA,BST-21-10-32
382,TTGGCAGAAC,BST-21-01-83
383,GTTATACT,BST-21-03-36
384,AATGCCATA,BST-21-01-86